aalexa = Атанас Александров <a.alexandrov@tarent.de>
aboulg = Andrei Boulgakov <a.boulgakov@tarent.de>
cjerolimov = Christoph Jerolimov <jerolimov@gmx.de>
cklein = Carsten Klein <c.klein@tarent.de>
cnuess = Claudia Nuessle <c.nuessle@tarent.de>
dgeorg = Dominik George <d.george@tarent.de>
dgoemans = David Goemans <d.goemans@tarent.de>
hhelwi = Hendrik Helwich <h.helwich@tarent.de>
ialexa = Иванка Александрова <i.alexandrova@tarent.de>
jerolimov = Christoph Jerolimov <jerolimov@gmx.de>
jnunez = Jon Nunez Alvarez <j.nunez-alvarez@tarent.de>
khapke = Katja Hapke <k.hapke@tarent.de>
kschmi = Kevin Viola Schmitz <k.schmitz@tarent.de>
maven = maven user <maven@tarent.de>
mirabilos = Thorsten Glaser <t.glaser@tarent.de>
mley = Martin Ley <m.ley@tarent.de>
mmarch = Max Marche <m.marche@tarent.de>
mpelzer = Martin Pelzer <m.pelzer@tarent.de>
mradel = Marc Radel <m.radel@tarent.de>
papel = Patrick Apel <p.apel@tarent.de>
root = Thorsten Glaser <t.glaser@tarent.de>
rweinz = Rebecca Weinz <r.weinz@tarent.de>
sgirru = Sascha Girrulat <s.girrulat@tarent.de>
sreime = Sebastian Reimers <s.reimers@tarent.de>
sschum = Sven Schumann <s.schumann@tarent.de>
stemiz = Sevilay Temiz <s.temiz@tarent.de>
tschmitz = Thomas Schmitz <t.schmitz@tarent.de>
vbut = Valentin But <v.but@tarent.de>
vschmi = Volker Schmitz <v.schmitz@tarent.de>
